sw_type,sw_id,min_telemetry_push_time,experiment_time,packet_count,rmse,telemetry_byte_count
dynamic,1,1.0,60.0,16,0.027315889517762783,532
sINT,1,1.0,60.0,21,0.056133108258895156,722
static,1,1.0,60.0,61,0.014271406775042308,2242
dynamic,1,1.0,60.0,16,0.03178608167005054,532
sINT,1,1.0,60.0,21,0.043448788522028006,722
static,1,1.0,60.0,61,0.0472233484571392,2242
