switch_type,switch_id,min_telemetry_push_time,experiment_time,TP,FP,FN,TN,throughput_nrmse,avg_delay
DINT,4,0.1,100.0,45,0,0,3,0.0047352735708475055,0.0002199555555555504
LINT,4,0.1,100.0,40,0,5,3,0.007699660790874676,0.0002197499999999939
static,4,0.1,100.0,43,0,2,3,0.019008160682138585,0.00021072093023255233
