sw_type,sw_id,min_telemetry_push_time,experiment_time,packet_count,rmse_expanded,rmse_simple,telemetry_byte_count,jitter
dynamic,2,1.0,60.0,39,0.1495647736341516,0.06543177615007428,2397,0.1918755419395393
sINT,2,1.0,60.0,64,0.1447126445925433,0.09468103643603927,2852,0.19765572435952602
static,2,1.0,60.0,55,0.1330140931204987,0.04762703336862586,3480,0.1831551691793112
dynamic,2,1.0,60.0,39,0.14979630899768775,0.06701183145724582,2222,0.1814465824077457
sINT,2,1.0,60.0,64,0.14425015536269614,0.1009800422749249,2852,0.16856280206076368
static,2,1.0,60.0,55,0.1266391995538596,0.059344893529532504,3493,0.18094820308270798
