rmse,byte_count,packet_count,min_telemetry_push_time,experiment_time
0.17299754680660473,1425,95,1.0,100
0.15241822017764325,1485,99,1.0,100
0.17356648040247766,1260,84,1.0,100
