sw_type,sw_id,min_telemetry_push_time,experiment_time,packet_count,rmse,telemetry_byte_count,telemetry_percentage,jitter
DINT-200,2,0.25,60.0,82,0.14880038240502416,5452,0.00044903324427342597,"{'h1': 0, 'h3': 0, 'h4': 0}"
DINT-250,2,0.25,60.0,72,0.13855747377275276,4707,0.00038831981515085814,"{'h1': 0, 'h3': 0, 'h4': 0}"
DINT-125,2,0.25,60.0,119,0.12120539849141211,7720,0.0006348482687967307,"{'h1': 0, 'h3': 0, 'h4': 0}"
DINT-150,2,0.25,60.0,105,0.128618203771539,6522,0.0005364588876892637,"{'h1': 0, 'h3': 0, 'h4': 0}"
DINT-200,2,0.25,60.0,86,0.14088639711947956,5816,0.00047924038750573505,"{'h1': 0, 'h3': 0, 'h4': 0}"
DINT-250,2,0.25,60.0,75,0.14104379085977337,4820,0.0003976421306622342,"{'h1': 0, 'h3': 0, 'h4': 0}"
DINT-125,2,0.25,60.0,124,0.0962915224685143,7741,0.0006385438988413163,"{'h1': 0, 'h3': 0, 'h4': 0}"
DINT-150,2,0.25,60.0,103,0.13916932909382473,6628,0.0005462792842125946,"{'h1': 0, 'h3': 0, 'h4': 0}"
