sw_type,sw_id,min_telemetry_push_time,experiment_time,packet_count,rmse,telemetry_byte_count,jitter
dynamic,2,2.0,60.0,22,0.28718921338701403,1292,"{'h3': 1.1841978887664228, 'h4': 1.596573606947272, 'h1': 0.9115199626627991}"
sINT,2,2.0,60.0,64,0.18389546431203108,2852,"{'h1': 0.7305248092146311, 'h4': 1.0471718908478762, 'h3': 0.952426782231959}"
static,2,2.0,60.0,28,0.2707330584112517,1697,"{'h4': 1.1461575826009114, 'h3': 0.7595607674371307, 'h1': 0.7460036631692256}"
