sw_type,sw_id,min_telemetry_push_time,experiment_time,packet_count,rmse,telemetry_byte_count,telemetry_percentage,jitter
DINT-200,2,0.25,60.0,82,0.14880038240502416,5452,0.00044903324427342597,"{'h1': 0, 'h3': 0, 'h4': 0}"
DINT-250,2,0.25,60.0,72,0.13855747377275276,4707,0.00038831981515085814,"{'h1': 0, 'h3': 0, 'h4': 0}"
DINT-125,2,0.25,60.0,119,0.12120539849141211,7720,0.0006348482687967307,"{'h1': 0, 'h3': 0, 'h4': 0}"
DINT-150,2,0.25,60.0,105,0.128618203771539,6522,0.0005364588876892637,"{'h1': 0, 'h3': 0, 'h4': 0}"
