sw_type,sw_id,min_telemetry_push_time,experiment_time,packet_count,rmse,telemetry_byte_count,telemetry_percentage,jitter
DINT-8,2,0.25,60.0,121,0.11811766767362028,7770,0.0006410123143662987,"{'h1': 0, 'h3': 0, 'h4': 0}"
DINT-4,2,0.25,60.0,96,0.1255926245254234,5944,0.0004893224957949877,"{'h1': 0, 'h3': 0, 'h4': 0}"
DINT-2,2,0.25,60.0,67,0.16219197688593068,3419,0.0002816932972155124,"{'h1': 0, 'h3': 0, 'h4': 0}"
DINT-8,2,0.25,60.0,127,0.11772530980212631,7795,0.0006443011378382891,"{'h1': 0, 'h3': 0, 'h4': 0}"
DINT-4,2,0.25,60.0,97,0.12162074495770715,5591,0.00046174274314005217,"{'h1': 0, 'h3': 0, 'h4': 0}"
DINT-2,2,0.25,60.0,59,0.19743465599426496,3453,0.00028456219204363125,"{'h1': 0, 'h3': 0, 'h4': 0}"
DINT-8,2,0.25,60.0,137,0.10403195718657986,8420,0.0006945536272114563,"{'h1': 0, 'h3': 0, 'h4': 0}"
DINT-4,2,0.25,60.0,124,0.1148635519231323,7495,0.0006173704909919921,"{'h1': 0, 'h3': 0, 'h4': 0}"
DINT-2,2,0.25,60.0,126,0.11054001511619453,7520,0.000619209118447129,"{'h1': 0, 'h3': 0, 'h4': 0}"
