sw_type,sw_id,min_telemetry_push_time,experiment_time,packet_count,rmse,telemetry_byte_count,jitter
DINT,2,0.25,60.0,122,0.11949176039654351,7892,"{'h3': 1.5542514198408905, 'h1': 1.365779036863398, 'h4': 1.7367969574003344}"
LINT,2,0.25,60.0,204,0.10745492640282453,12966,"{'h3': 1.9985638710379494, 'h1': 1.7287100449488417, 'h4': 2.3741142897956116}"
sINT,2,0.25,60.0,64,0.2372108565382061,2852,"{'h1': 1.0863486359805736, 'h4': 2.0193348721146807, 'h3': 1.1950194782962007}"
static,2,0.25,60.0,213,0.09844250942142331,13447,"{'h4': 1.1730088576983149, 'h3': 0.9211392800364563, 'h1': 0.8719262770688163}"
