sw_type,sw_id,min_telemetry_push_time,experiment_time,packet_count,rmse,telemetry_byte_count,jitter
DINT-16,2,0.5,60.0,72,0.13764123870577086,4906,"{'h1': 0, 'h3': 0, 'h4': 0}"
DINT-8,2,0.5,60.0,77,0.13399677520047443,4735,"{'h1': 0, 'h3': 0, 'h4': 0}"
DINT-4,2,0.5,60.0,80,0.15260960605177865,4735,"{'h1': 0, 'h3': 0, 'h4': 0}"
DINT-2,2,0.5,60.0,80,0.11242095912948578,4764,"{'h1': 0, 'h3': 0, 'h4': 0}"
DINT-16,2,0.5,60.0,80,0.12076271967485834,5052,"{'h1': 0, 'h3': 0, 'h4': 0}"
DINT-8,2,0.5,60.0,79,0.12872497619002032,4610,"{'h1': 0, 'h3': 0, 'h4': 0}"
DINT-4,2,0.5,60.0,78,0.12204877003531633,4656,"{'h1': 0, 'h3': 0, 'h4': 0}"
DINT-2,2,0.5,60.0,79,0.12212419263664867,4568,"{'h1': 0, 'h3': 0, 'h4': 0}"
