sw_type,sw_id,min_telemetry_push_time,experiment_time,packet_count,rmse,telemetry_byte_count,jitter
DINT,2,0.25,60.0,126,0.11923051585099394,7902,"{'h3': 1.0264394840518176, 'h1': 0.7885730374182239, 'h4': 1.1391729509314126}"
LINT,2,0.25,60.0,212,0.10391589093442329,13472,"{'h3': 1.3425253922349754, 'h1': 0.9389886765207426, 'h4': 1.2286066335473356}"
sINT,2,0.25,60.0,64,0.22783538537184395,2852,"{'h1': 0.4476476815662747, 'h4': 0.7647731658878074, 'h3': 0.475881375853305}"
static,2,0.25,60.0,212,0.10514072044459744,13526,"{'h4': 1.070739185742739, 'h3': 0.6434679944853217, 'h1': 0.6029981906818173}"
DINT,2,0.25,60.0,130,0.11631603947683404,8089,"{'h3': 1.0950174649275406, 'h1': 0.801446445009773, 'h4': 1.490610692011659}"
LINT,2,0.25,60.0,212,0.09235240315335214,13405,"{'h3': 1.168458046478892, 'h1': 0.8739237799687515, 'h4': 1.1316470507174563}"
sINT,2,0.25,60.0,64,0.2373798290216731,2852,"{'h1': 0.6592632416138797, 'h4': 0.9890978843703332, 'h3': 0.698934991276092}"
static,2,0.25,60.0,212,0.1030395175335444,13401,"{'h4': 0.844785049136749, 'h3': 0.8172797060560906, 'h1': 0.6722508366392512}"
