sw_type,sw_id,min_telemetry_push_time,experiment_time,packet_count,rmse_expanded,rmse_simple,telemetry_byte_count
dynamic,2,1.0,60.0,40,0.0597442046228031,0.0034892157948105914,2055
sINT,2,1.0,60.0,64,0.09433202669038748,0.01633158318061526,2852
static,2,1.0,60.0,55,0.05860097151557977,0.0034607271445023513,3158
dynamic,2,1.0,60.0,38,0.07560550891799657,0.0031019658790614074,2022
sINT,2,1.0,60.0,64,0.10879831253209929,0.013187229191421214,2852
static,2,1.0,60.0,55,0.054637136694600706,0.0029565126359108514,3193
